{"_class":"document","do_objectID":"41603469-F27D-4F33-ACA2-7BF2E0C47080","assets":{"_class":"assetCollection","colorAssets":[],"gradientAssets":[],"imageCollection":{"_class":"imageCollection","images":{}},"images":[],"colors":[],"gradients":[]},"colorSpace":0,"currentPageIndex":0,"foreignLayerStyles":[],"foreignSymbols":[],"foreignTextStyles":[],"layerStyles":{"_class":"sharedStyleContainer","objects":[]},"layerSymbols":{"_class":"symbolContainer","objects":[]},"layerTextStyles":{"_class":"sharedTextStyleContainer","objects":[]},"pages":[{"_class":"MSJSONFileReference","_ref_class":"MSImmutablePage","_ref":"pages\/496AD1CA-D216-42AD-A2EB-A3F49274DBD5"}]}