{"commit":"f4e56c65d61efa65dd63fd44515a6e4b855bdd9e","pagesAndArtboards":{"496AD1CA-D216-42AD-A2EB-A3F49274DBD5":{"name":"Page 1","artboards":{"007A9A82-B88B-4019-83CC-C00373431D42":{"name":"logo"}}}},"version":116,"fonts":[],"compatibilityVersion":99,"app":"com.bohemiancoding.sketch3","autosaved":0,"variant":"NONAPPSTORE","created":{"commit":"f4e56c65d61efa65dd63fd44515a6e4b855bdd9e","appVersion":"53.2","build":72643,"app":"com.bohemiancoding.sketch3","compatibilityVersion":99,"version":116,"variant":"NONAPPSTORE"},"saveHistory":["NONAPPSTORE.72643"],"appVersion":"53.2","build":72643}