{"_class":"page","do_objectID":"496AD1CA-D216-42AD-A2EB-A3F49274DBD5","booleanOperation":-1,"exportOptions":{"_class":"exportOptions","exportFormats":[],"includedLayerIds":[],"layerOptions":0,"shouldTrim":false},"frame":{"_class":"rect","constrainProportions":false,"height":0,"width":0,"x":0,"y":0},"isFixedToViewport":false,"isFlippedHorizontal":false,"isFlippedVertical":false,"isLocked":false,"isVisible":true,"layerListExpandedType":0,"name":"Page 1","nameIsFixed":false,"resizingConstraint":63,"resizingType":0,"rotation":0,"shouldBreakMaskChain":false,"clippingMaskMode":0,"hasClippingMask":false,"style":{"_class":"style","endMarkerType":0,"miterLimit":10,"startMarkerType":0,"windingRule":1},"groupLayout":{"_class":"MSImmutableFreeformGroupLayout"},"hasClickThrough":true,"layers":[{"_class":"artboard","do_objectID":"007A9A82-B88B-4019-83CC-C00373431D42","booleanOperation":-1,"exportOptions":{"_class":"exportOptions","exportFormats":[],"includedLayerIds":[],"layerOptions":0,"shouldTrim":false},"frame":{"_class":"rect","constrainProportions":false,"height":554,"width":620,"x":248,"y":100},"isFixedToViewport":false,"isFlippedHorizontal":false,"isFlippedVertical":false,"isLocked":false,"isVisible":true,"layerListExpandedType":2,"name":"logo","nameIsFixed":true,"resizingConstraint":63,"resizingType":0,"rotation":0,"shouldBreakMaskChain":true,"clippingMaskMode":0,"hasClippingMask":false,"style":{"_class":"style","endMarkerType":0,"miterLimit":10,"startMarkerType":0,"windingRule":1},"groupLayout":{"_class":"MSImmutableFreeformGroupLayout"},"hasClickThrough":true,"layers":[{"_class":"group","do_objectID":"F7C5557A-5BB9-4B7D-AE55-8D7F6FC820D9","booleanOperation":-1,"exportOptions":{"_class":"exportOptions","exportFormats":[{"_class":"exportFormat","absoluteSize":500,"fileFormat":"png","name":"","namingScheme":0,"scale":2.5,"visibleScaleType":1}],"includedLayerIds":[],"layerOptions":0,"shouldTrim":false},"frame":{"_class":"rect","constrainProportions":false,"height":200,"width":200,"x":260,"y":247},"isFixedToViewport":false,"isFlippedHorizontal":false,"isFlippedVertical":false,"isLocked":false,"isVisible":true,"layerListExpandedType":0,"name":"c3","nameIsFixed":true,"resizingConstraint":63,"resizingType":0,"rotation":0,"shouldBreakMaskChain":false,"clippingMaskMode":0,"hasClippingMask":false,"style":{"_class":"style","endMarkerType":0,"miterLimit":10,"startMarkerType":0,"windingRule":1},"groupLayout":{"_class":"MSImmutableFreeformGroupLayout"},"hasClickThrough":false,"layers":[{"_class":"rectangle","do_objectID":"55119CC4-FA16-483A-9D36-4D4745736D20","booleanOperation":-1,"exportOptions":{"_class":"exportOptions","exportFormats":[],"includedLayerIds":[],"layerOptions":0,"shouldTrim":false},"frame":{"_class":"rect","constrainProportions":false,"height":200,"width":200,"x":0,"y":0},"isFixedToViewport":false,"isFlippedHorizontal":false,"isFlippedVertical":false,"isLocked":false,"isVisible":true,"layerListExpandedType":0,"name":"Rectangle","nameIsFixed":false,"resizingConstraint":63,"resizingType":0,"rotation":0,"shouldBreakMaskChain":false,"clippingMaskMode":0,"hasClippingMask":false,"style":{"_class":"style","borders":[{"_class":"border","isEnabled":false,"color":{"_class":"color","alpha":1,"blue":0.592,"green":0.592,"red":0.592},"fillType":0,"position":1,"thickness":1}],"endMarkerType":0,"fills":[{"_class":"fill","isEnabled":true,"color":{"_class":"color","alpha":1,"blue":0.7294117647058823,"green":0.5490196078431373,"red":0},"fillType":0,"noiseIndex":0,"noiseIntensity":0,"patternFillType":1,"patternTileScale":1}],"miterLimit":10,"startMarkerType":0,"windingRule":1},"edited":false,"isClosed":true,"pointRadiusBehaviour":1,"points":[{"_class":"curvePoint","cornerRadius":0,"curveFrom":"{0, 0}","curveMode":1,"curveTo":"{0, 0}","hasCurveFrom":false,"hasCurveTo":false,"point":"{0, 0}"},{"_class":"curvePoint","cornerRadius":0,"curveFrom":"{1, 0}","curveMode":1,"curveTo":"{1, 0}","hasCurveFrom":false,"hasCurveTo":false,"point":"{1, 0}"},{"_class":"curvePoint","cornerRadius":0,"curveFrom":"{1, 1}","curveMode":1,"curveTo":"{1, 1}","hasCurveFrom":false,"hasCurveTo":false,"point":"{1, 1}"},{"_class":"curvePoint","cornerRadius":0,"curveFrom":"{0, 1}","curveMode":1,"curveTo":"{0, 1}","hasCurveFrom":false,"hasCurveTo":false,"point":"{0, 1}"}],"fixedRadius":0,"hasConvertedToNewRoundCorners":true},{"_class":"shapeGroup","do_objectID":"6AAEF4DC-9B81-4870-8374-195C27EEB4B7","booleanOperation":-1,"exportOptions":{"_class":"exportOptions","exportFormats":[],"includedLayerIds":[],"layerOptions":0,"shouldTrim":false},"frame":{"_class":"rect","constrainProportions":true,"height":102,"width":162,"x":19,"y":49},"isFixedToViewport":false,"isFlippedHorizontal":false,"isFlippedVertical":false,"isLocked":false,"isVisible":true,"layerListExpandedType":1,"name":"C3","nameIsFixed":false,"resizingConstraint":63,"resizingType":0,"rotation":0,"shouldBreakMaskChain":false,"clippingMaskMode":0,"hasClippingMask":false,"style":{"_class":"style","endMarkerType":0,"fills":[{"_class":"fill","isEnabled":true,"color":{"_class":"color","alpha":1,"blue":1,"green":1,"red":1},"fillType":0,"noiseIndex":0,"noiseIntensity":0,"patternFillType":1,"patternTileScale":1}],"miterLimit":10,"startMarkerType":0,"windingRule":0},"groupLayout":{"_class":"MSImmutableFreeformGroupLayout"},"hasClickThrough":false,"layers":[{"_class":"shapePath","do_objectID":"A97AFF0C-63EF-49E8-92A3-800689053189","booleanOperation":-1,"exportOptions":{"_class":"exportOptions","exportFormats":[],"includedLayerIds":[],"layerOptions":0,"shouldTrim":false},"frame":{"_class":"rect","constrainProportions":false,"height":102,"width":87,"x":0,"y":0},"isFixedToViewport":false,"isFlippedHorizontal":false,"isFlippedVertical":false,"isLocked":false,"isVisible":true,"layerListExpandedType":0,"name":"Path","nameIsFixed":false,"resizingConstraint":63,"resizingType":0,"rotation":0,"shouldBreakMaskChain":false,"clippingMaskMode":0,"hasClippingMask":false,"style":{"_class":"style","endMarkerType":0,"miterLimit":10,"startMarkerType":0,"windingRule":1},"edited":true,"isClosed":true,"pointRadiusBehaviour":1,"points":[{"_class":"curvePoint","cornerRadius":0,"curveFrom":"{0.86750783911672003, 0.27411376850605701}","curveMode":4,"curveTo":"{0.87697160883280845, 0.31090174966352596}","hasCurveFrom":true,"hasCurveTo":false,"point":"{0.87697160883280845, 0.31090174966352596}"},{"_class":"curvePoint","cornerRadius":0,"curveFrom":"{0.8088852760252363, 0.18281726110363361}","curveMode":2,"curveTo":"{0.85199800473186138, 0.2411396702557195}","hasCurveFrom":true,"hasCurveTo":true,"point":"{0.83044164037854884, 0.21197846567967657}"},{"_class":"curvePoint","cornerRadius":0,"curveFrom":"{0.72055715299684531, 0.11888729475100902}","curveMode":2,"curveTo":"{0.78259742113564723, 0.15836707940780581}","hasCurveFrom":true,"hasCurveTo":true,"point":"{0.75157728706624627, 0.13862718707940741}"},{"_class":"curvePoint","cornerRadius":0,"curveFrom":"{0.61172431388012616, 0.083221123822342438}","curveMode":2,"curveTo":"{0.68638294164037883, 0.10385828398384891}","hasCurveFrom":true,"hasCurveTo":true,"point":"{0.64905362776025322, 0.093539703903096266}"},{"_class":"curvePoint","cornerRadius":0,"curveFrom":"{0.45688711356466849, 0.078061911170928408}","curveMode":3,"curveTo":"{0.57255541009463717, 0.078061911170928408}","hasCurveFrom":true,"hasCurveTo":true,"point":"{0.53154574132492116, 0.078061911170928408}"},{"_class":"curvePoint","cornerRadius":0,"curveFrom":"{0.28548869085173417, 0.13862730820995969}","curveMode":2,"curveTo":"{0.39274474763406897, 0.090174845222072406}","hasCurveFrom":true,"hasCurveTo":true,"point":"{0.33911671924290226, 0.11440107671601606}"},{"_class":"curvePoint","cornerRadius":0,"curveFrom":"{0.17323852523659328, 0.2505609892328397}","curveMode":2,"curveTo":"{0.24158797318611988, 0.17070415208613685}","hasCurveFrom":true,"hasCurveTo":true,"point":"{0.20741324921135657, 0.21063257065948887}"},{"_class":"curvePoint","cornerRadius":0,"curveFrom":"{0.11540475552050464, 0.39614201884253059}","curveMode":2,"curveTo":"{0.14800218454258679, 0.29564802153432002}","hasCurveFrom":true,"hasCurveTo":true,"point":"{0.1317034700315457, 0.34589502018842588}"},{"_class":"curvePoint","cornerRadius":0,"curveFrom":"{0.10725552050473135, 0.55271448183041705}","curveMode":2,"curveTo":"{0.10725552050473135, 0.44773414535666251}","hasCurveFrom":true,"hasCurveTo":true,"point":"{0.10725552050473135, 0.50067294751009384}"},{"_class":"curvePoint","cornerRadius":0,"curveFrom":"{0.14800218454258679, 0.70547355989232785}","curveMode":2,"curveTo":"{0.11540475552050464, 0.60408229475100916}","hasCurveFrom":true,"hasCurveTo":true,"point":"{0.1317034700315457, 0.65477792732166917}"},{"_class":"curvePoint","cornerRadius":0,"curveFrom":"{0.24158797318611988, 0.8306417429340508}","curveMode":2,"curveTo":"{0.17323852523659328, 0.75078490578734802}","hasCurveFrom":true,"hasCurveTo":true,"point":"{0.20741324921135657, 0.79071332436069997}"},{"_class":"curvePoint","cornerRadius":0,"curveFrom":"{0.39274474763406897, 0.91117104979811525}","curveMode":2,"curveTo":"{0.28548869085173417, 0.86271858681022917}","hasCurveFrom":true,"hasCurveTo":true,"point":"{0.33911671924290226, 0.8869448183041716}"},{"_class":"curvePoint","cornerRadius":0,"curveFrom":"{0.58412223974763477, 0.92328398384925925}","curveMode":3,"curveTo":"{0.45688711356466849, 0.92328398384925925}","hasCurveFrom":true,"hasCurveTo":true,"point":"{0.53154574132492116, 0.92328398384925925}"},{"_class":"curvePoint","cornerRadius":0,"curveFrom":"{0.71556277602523677, 0.88290705248990553}","curveMode":2,"curveTo":"{0.63144037854889568, 0.91520869448183029}","hasCurveFrom":true,"hasCurveTo":true,"point":"{0.67350157728706617, 0.89905787348586785}"},{"_class":"curvePoint","cornerRadius":0,"curveFrom":"{0.81282875394321852, 0.80529371467025623}","curveMode":2,"curveTo":"{0.75184001577287118, 0.86092432032301425}","hasCurveFrom":true,"hasCurveTo":true,"point":"{0.78233438485804419, 0.83310901749663457}"},{"_class":"curvePoint","cornerRadius":0,"curveFrom":"{0.87539441640378524, 0.69829501345894995}","curveMode":2,"curveTo":"{0.83753933753943299, 0.77276824360699825}","hasCurveFrom":true,"hasCurveTo":true,"point":"{0.85646687697160839, 0.73553162853297405}"},{"_class":"curvePoint","cornerRadius":0,"curveFrom":"{0.89274447949526869, 0.61507402422610991}","curveMode":4,"curveTo":"{0.88748682965299719, 0.65814288021534262}","hasCurveFrom":false,"hasCurveTo":true,"point":"{0.89274447949526869, 0.61507402422610991}"},{"_class":"curvePoint","cornerRadius":0,"curveFrom":"{0.99263929022082076, 0.67429370121130505}","curveMode":4,"curveTo":"{1, 0.61507402422610991}","hasCurveFrom":true,"hasCurveTo":false,"point":"{1, 0.61507402422610991}"},{"_class":"curvePoint","cornerRadius":0,"curveFrom":"{0.92586738170347116, 0.82279072678331133}","curveMode":2,"curveTo":"{0.97634082018927415, 0.7276803364737553}","hasCurveFrom":true,"hasCurveTo":true,"point":"{0.95110410094637265, 0.77523553162853209}"},{"_class":"curvePoint","cornerRadius":0,"curveFrom":"{0.81335416403785521, 0.92956499327052433}","curveMode":2,"curveTo":"{0.89327044164037939, 0.86316717362045725}","hasCurveFrom":true,"hasCurveTo":true,"point":"{0.85331230283911663, 0.8963660834454914}"},{"_class":"curvePoint","cornerRadius":0,"curveFrom":"{0.65799131703470093, 0.99102745625841193}","curveMode":2,"curveTo":"{0.76629890378548893, 0.95513674293405104}","hasCurveFrom":true,"hasCurveTo":true,"point":"{0.71214511041009421, 0.97308209959623093}"},{"_class":"curvePoint","cornerRadius":0,"curveFrom":"{0.44321722397476321, 1}","curveMode":3,"curveTo":"{0.59779212933754, 1}","hasCurveFrom":true,"hasCurveTo":true,"point":"{0.53154574132492116, 1}"},{"_class":"curvePoint","cornerRadius":0,"curveFrom":"{0.23212374605678224, 0.93158353297442753}","curveMode":2,"curveTo":"{0.36566805205047309, 0.98631687079407748}","hasCurveFrom":true,"hasCurveTo":true,"point":"{0.29889589905362768, 0.95895020188425306}"},{"_class":"curvePoint","cornerRadius":0,"curveFrom":"{0.088327854889589996, 0.80349909825033683}","curveMode":2,"curveTo":"{0.17665637223974801, 0.89502041722745573}","hasCurveFrom":true,"hasCurveTo":true,"point":"{0.13249211356466831, 0.84925975773889628}"},{"_class":"curvePoint","cornerRadius":0,"curveFrom":"{0.011040899053627925, 0.63032720053835845}","curveMode":2,"curveTo":"{0.055205157728706225, 0.75056109017496619}","hasCurveFrom":true,"hasCurveTo":true,"point":"{0.033123028391167077, 0.69044414535666176}"},{"_class":"curvePoint","cornerRadius":0,"curveFrom":"{0, 0.43427512786002676}","curveMode":2,"curveTo":"{0, 0.56707076716016092}","hasCurveFrom":true,"hasCurveTo":true,"point":"{0, 0.50067294751009384}"},{"_class":"curvePoint","cornerRadius":0,"curveFrom":"{0.055205157728706225, 0.25078480484522148}","curveMode":2,"curveTo":"{0.011040899053627925, 0.37101869448183039}","hasCurveFrom":true,"hasCurveTo":true,"point":"{0.033123028391167077, 0.31090174966352596}"},{"_class":"curvePoint","cornerRadius":0,"curveFrom":"{0.17665637223974801, 0.10520389636608407}","curveMode":2,"curveTo":"{0.088327854889589996, 0.1976224831763122}","hasCurveFrom":true,"hasCurveTo":true,"point":"{0.13249211356466831, 0.15141318977119755}"},{"_class":"curvePoint","cornerRadius":0,"curveFrom":"{0.36566805205047309, 0.013683129205922552}","curveMode":2,"curveTo":"{0.23212374605678224, 0.068416467025572469}","hasCurveFrom":true,"hasCurveTo":true,"point":"{0.29889589905362768, 0.041049798115746917}"},{"_class":"curvePoint","cornerRadius":0,"curveFrom":"{0.58517376971608792, 0}","curveMode":3,"curveTo":"{0.44321722397476321, 0}","hasCurveFrom":true,"hasCurveTo":true,"point":"{0.53154574132492116, 0}"},{"_class":"curvePoint","cornerRadius":0,"curveFrom":"{0.73948500788643623, 0.033647442799461698}","curveMode":2,"curveTo":"{0.63748660094637288, 0.0067294078061913799}","hasCurveFrom":true,"hasCurveTo":true,"point":"{0.68848580441640383, 0.020188425302825941}"},{"_class":"curvePoint","cornerRadius":0,"curveFrom":"{0.86882250000000105, 0.10655015477792738}","curveMode":2,"curveTo":"{0.78575163249211311, 0.053611352624496046}","hasCurveFrom":true,"hasCurveTo":true,"point":"{0.82728706624605708, 0.080080753701211121}"},{"_class":"curvePoint","cornerRadius":0,"curveFrom":"{0.95925355678233526, 0.21624065948855911}","curveMode":2,"curveTo":"{0.90352246845425943, 0.13907562584118413}","hasCurveFrom":true,"hasCurveTo":true,"point":"{0.93138801261829662, 0.17765814266487281}"},{"_class":"curvePoint","cornerRadius":0,"curveFrom":"{0.98422712933753975, 0.31090174966352596}","curveMode":4,"curveTo":"{0.97686641955836051, 0.26065475100942126}","hasCurveFrom":false,"hasCurveTo":true,"point":"{0.98422712933753975, 0.31090174966352596}"}]},{"_class":"shapePath","do_objectID":"2438F098-EFB4-4E80-8C6B-C568A8397A9F","booleanOperation":-1,"exportOptions":{"_class":"exportOptions","exportFormats":[],"includedLayerIds":[],"layerOptions":0,"shouldTrim":false},"frame":{"_class":"rect","constrainProportions":false,"height":99,"width":66,"x":96,"y":3},"isFixedToViewport":false,"isFlippedHorizontal":false,"isFlippedVertical":false,"isLocked":false,"isVisible":true,"layerListExpandedType":0,"name":"Path","nameIsFixed":false,"resizingConstraint":63,"resizingType":0,"rotation":0,"shouldBreakMaskChain":false,"clippingMaskMode":0,"hasClippingMask":false,"style":{"_class":"style","endMarkerType":0,"miterLimit":10,"startMarkerType":0,"windingRule":1},"edited":true,"isClosed":true,"pointRadiusBehaviour":1,"points":[{"_class":"curvePoint","cornerRadius":0,"curveFrom":"{0.12988704447845736, 0.70972241666666591}","curveMode":4,"curveTo":"{0.13266032668473496, 0.67083333333333306}","hasCurveFrom":true,"hasCurveTo":false,"point":"{0.13266032668473496, 0.67083333333333306}"},{"_class":"curvePoint","cornerRadius":0,"curveFrom":"{0.16836623629288761, 0.80787052777777679}","curveMode":2,"curveTo":"{0.13647349092068334, 0.74490724999999958}","hasCurveFrom":true,"hasCurveTo":true,"point":"{0.15241986360678547, 0.77638888888888813}"},{"_class":"curvePoint","cornerRadius":0,"curveFrom":"{0.2543376310958112, 0.87916677777777741}","curveMode":2,"curveTo":"{0.19193878145454238, 0.83472211111111083}","hasCurveFrom":true,"hasCurveTo":true,"point":"{0.22313820627517586, 0.85694444444444351}"},{"_class":"curvePoint","cornerRadius":0,"curveFrom":"{0.38606795350769219, 0.92152784027777712}","curveMode":2,"curveTo":"{0.29316299959735881, 0.89652771527777808}","hasCurveFrom":true,"hasCurveTo":true,"point":"{0.3396154765525255, 0.90902777777777755}"},{"_class":"curvePoint","cornerRadius":0,"curveFrom":"{0.54518423491132906, 0.92777777777777704}","curveMode":2,"curveTo":"{0.43841286996960227, 0.92777777777777704}","hasCurveFrom":true,"hasCurveTo":true,"point":"{0.4966517963014519, 0.92777777777777704}"},{"_class":"curvePoint","cornerRadius":0,"curveFrom":"{0.68038104568373925, 0.90462958333333254}","curveMode":2,"curveTo":"{0.59163601508282504, 0.9231481944444444}","hasCurveFrom":true,"hasCurveTo":true,"point":"{0.6360085303832812, 0.91388888888888853}"},{"_class":"curvePoint","cornerRadius":0,"curveFrom":"{0.78923177949406609, 0.85370361111111093}","curveMode":2,"curveTo":"{0.71989972433710048, 0.8907408333333332}","hasCurveFrom":true,"hasCurveTo":true,"point":"{0.75456575191558417, 0.87222222222222145}"},{"_class":"curvePoint","cornerRadius":0,"curveFrom":"{0.85856341866077945, 0.77731468055555475}","curveMode":2,"curveTo":"{0.81696418556660089, 0.8310186527777772}","hasCurveFrom":true,"hasCurveTo":true,"point":"{0.83776380211369106, 0.80416666666666659}"},{"_class":"curvePoint","cornerRadius":0,"curveFrom":"{0.86896307093798053, 0.67731463888888821}","curveMode":2,"curveTo":"{0.86896307093798053, 0.74675943055555494}","hasCurveFrom":true,"hasCurveTo":true,"point":"{0.86896307093798053, 0.71250000000000013}"},{"_class":"curvePoint","cornerRadius":0,"curveFrom":"{0.8238973702827852, 0.59606468750000019}","curveMode":2,"curveTo":"{0.8599500389644068, 0.64699086805555517}","hasCurveFrom":true,"hasCurveTo":true,"point":"{0.841923704623596, 0.62152777777777768}"},{"_class":"curvePoint","cornerRadius":0,"curveFrom":"{0.73515271407309646, 0.54050917361111095}","curveMode":2,"curveTo":"{0.79893820481750311, 0.57476860416666586}","hasCurveFrom":true,"hasCurveTo":true,"point":"{0.76704545944530067, 0.55763888888888846}"},{"_class":"curvePoint","cornerRadius":0,"curveFrom":"{0.61347551365958231, 0.51111106944444407}","curveMode":2,"curveTo":"{0.69806062095108112, 0.52777781944444424}","hasCurveFrom":true,"hasCurveTo":true,"point":"{0.65576806730533166, 0.51944444444444415}"},{"_class":"curvePoint","cornerRadius":0,"curveFrom":"{0.51953126010593154, 0.50694444444444364}","curveMode":4,"curveTo":"{0.56806369871580686, 0.50694444444444364}","hasCurveFrom":false,"hasCurveTo":true,"point":"{0.51953126010593154, 0.50694444444444364}"},{"_class":"curvePoint","cornerRadius":0,"curveFrom":"{0.40929384359344012, 0.50694444444444364}","curveMode":1,"curveTo":"{0.40929384359344012, 0.50694444444444364}","hasCurveFrom":false,"hasCurveTo":false,"point":"{0.40929384359344012, 0.50694444444444364}"},{"_class":"curvePoint","cornerRadius":0,"curveFrom":"{0.40929384359344012, 0.43333333333333263}","curveMode":1,"curveTo":"{0.40929384359344012, 0.43333333333333263}","hasCurveFrom":false,"hasCurveTo":false,"point":"{0.40929384359344012, 0.43333333333333263}"},{"_class":"curvePoint","cornerRadius":0,"curveFrom":"{0.55281064658127554, 0.43333333333333263}","curveMode":4,"curveTo":"{0.51953126010593154, 0.43333333333333263}","hasCurveFrom":true,"hasCurveTo":false,"point":"{0.51953126010593154, 0.43333333333333263}"},{"_class":"curvePoint","cornerRadius":0,"curveFrom":"{0.65784819535614159, 0.41597218749999987}","curveMode":2,"curveTo":"{0.58712949909603629, 0.42986114583333251}","hasCurveFrom":true,"hasCurveTo":true,"point":"{0.62248884722608899, 0.42291666666666555}"},{"_class":"curvePoint","cornerRadius":0,"curveFrom":"{0.74659274756826643, 0.3766202986111104}","curveMode":2,"curveTo":"{0.68974046233955644, 0.40532414583333271}","hasCurveFrom":true,"hasCurveTo":true,"point":"{0.71816660495391238, 0.39097222222222155}"},{"_class":"curvePoint","cornerRadius":0,"curveFrom":"{0.80587130633563775, 0.31388877777777729}","curveMode":2,"curveTo":"{0.76981863765401615, 0.35833344444444393}","hasCurveFrom":true,"hasCurveTo":true,"point":"{0.78784497199482695, 0.33611111111110997}"},{"_class":"curvePoint","cornerRadius":0,"curveFrom":"{0.81488433830921148, 0.22453687499999955}","curveMode":2,"curveTo":"{0.81488433830921148, 0.28750015277777674}","hasCurveFrom":true,"hasCurveTo":true,"point":"{0.81488433830921148, 0.25694444444444398}"},{"_class":"curvePoint","cornerRadius":0,"curveFrom":"{0.77328523001210736, 0.151620256944444}","curveMode":2,"curveTo":"{0.80656461648745137, 0.19699085416666645}","hasCurveFrom":true,"hasCurveTo":true,"point":"{0.78992492324977848, 0.17430555555555524}"},{"_class":"curvePoint","cornerRadius":0,"curveFrom":"{0.69216706867041666, 0.10208325694444449}","curveMode":2,"curveTo":"{0.75040599500226624, 0.13263896527777724}","hasCurveFrom":true,"hasCurveTo":true,"point":"{0.7212865318363415, 0.11736111111111025}"},{"_class":"curvePoint","cornerRadius":0,"curveFrom":"{0.58227626563480539, 0.077083298611109949}","curveMode":2,"curveTo":"{0.65854152630746576, 0.090972256944443802}","hasCurveFrom":true,"hasCurveTo":true,"point":"{0.62040889597113558, 0.084027777777776883}"},{"_class":"curvePoint","cornerRadius":0,"curveFrom":"{0.44257279327901955, 0.073611111111109809}","curveMode":2,"curveTo":"{0.54102431160191, 0.073611111111109809}","hasCurveFrom":true,"hasCurveTo":true,"point":"{0.4966517963014519, 0.073611111111109809}"},{"_class":"curvePoint","cornerRadius":0,"curveFrom":"{0.31153592661553914, 0.10370376388888865}","curveMode":2,"curveTo":"{0.39473439280389638, 0.079629569444443063}","hasCurveFrom":true,"hasCurveTo":true,"point":"{0.35313515970971776, 0.091666666666666466}"},{"_class":"curvePoint","cornerRadius":0,"curveFrom":"{0.21967147872025294, 0.16412047916666658}","curveMode":2,"curveTo":"{0.27652376394896477, 0.12060174305555459}","hasCurveFrom":true,"hasCurveTo":true,"point":"{0.24809762133460886, 0.14236111111110997}"},{"_class":"curvePoint","cornerRadius":0,"curveFrom":"{0.17079269702715899, 0.25023163194444453}","curveMode":2,"curveTo":"{0.19852551908994409, 0.1900461458333324}","hasCurveFrom":true,"hasCurveTo":true,"point":"{0.18465910805855246, 0.22013888888888786}"},{"_class":"curvePoint","cornerRadius":0,"curveFrom":"{0.16593954676397771, 0.31944444444444392}","curveMode":4,"curveTo":"{0.16455290566083799, 0.28333315277777738}","hasCurveFrom":false,"hasCurveTo":true,"point":"{0.16593954676397771, 0.31944444444444392}"},{"_class":"curvePoint","cornerRadius":0,"curveFrom":"{0.034902617701960056, 0.27314791666666566}","curveMode":4,"curveTo":"{0.034902617701960056, 0.31944444444444392}","hasCurveFrom":true,"hasCurveTo":false,"point":"{0.034902617701960056, 0.31944444444444392}"},{"_class":"curvePoint","cornerRadius":0,"curveFrom":"{0.088634799252384364, 0.15277758333333255}","curveMode":2,"curveTo":"{0.045648925055067895, 0.23055574999999942}","hasCurveFrom":true,"hasCurveTo":true,"point":"{0.06714186215372521, 0.1916666666666666}"},{"_class":"curvePoint","cornerRadius":0,"curveFrom":"{0.19817898881111365, 0.062731340277777409}","curveMode":2,"curveTo":"{0.11914044593217377, 0.11921310416666618}","hasCurveFrom":true,"hasCurveTo":true,"point":"{0.15865971737164372, 0.090972222222221177}"},{"_class":"curvePoint","cornerRadius":0,"curveFrom":"{0.36006861481956542, 0.0081017708333328328}","curveMode":2,"curveTo":"{0.24636404436214368, 0.040509340277777257}","hasCurveFrom":true,"hasCurveTo":true,"point":"{0.30321632959085365, 0.024305555555554428}"},{"_class":"curvePoint","cornerRadius":0,"curveFrom":"{0.55142413027521031, 0}","curveMode":3,"curveTo":"{0.42385314878639513, 0}","hasCurveFrom":true,"hasCurveTo":true,"point":"{0.49457184504650042, 0}"},{"_class":"curvePoint","cornerRadius":0,"curveFrom":"{0.7150469484651466, 0.024305604166665863}","curveMode":2,"curveTo":"{0.6068889424202818, 0.0048610624999994535}","hasCurveFrom":true,"hasCurveTo":true,"point":"{0.6609679454427142, 0.014583333333332657}"},{"_class":"curvePoint","cornerRadius":0,"curveFrom":"{0.84781711130767168, 0.078935284722220861}","curveMode":2,"curveTo":"{0.76323200401617652, 0.039120270833332214}","hasCurveFrom":true,"hasCurveTo":true,"point":"{0.8055245576619241, 0.059027777777777159}"},{"_class":"curvePoint","cornerRadius":0,"curveFrom":"{0.9330950295626822, 0.16643534027777696}","curveMode":2,"curveTo":"{0.88178930874652739, 0.10439799305555439}","hasCurveFrom":true,"hasCurveTo":true,"point":"{0.90744216915460385, 0.13541666666666569}"},{"_class":"curvePoint","cornerRadius":0,"curveFrom":"{0.94592126737122917, 0.30000026388888767}","curveMode":2,"curveTo":"{0.94592126737122917, 0.20370348611111022}","hasCurveFrom":true,"hasCurveTo":true,"point":"{0.94592126737122917, 0.24722222222222098}"},{"_class":"curvePoint","cornerRadius":0,"curveFrom":"{0.84019020044942339, 0.42361130555555537}","curveMode":2,"curveTo":"{0.92477530774092209, 0.3458331388888885}","hasCurveFrom":true,"hasCurveTo":true,"point":"{0.88248275409517274, 0.3847222222222213}"},{"_class":"curvePoint","cornerRadius":0,"curveFrom":"{0.70048701928681523, 0.46249999999999919}","curveMode":4,"curveTo":"{0.77952556216575508, 0.44953697222222117}","hasCurveFrom":false,"hasCurveTo":true,"point":"{0.70048701928681523, 0.46249999999999919}"},{"_class":"curvePoint","cornerRadius":0,"curveFrom":"{0.7961652554034262, 0.4754630138888884}","curveMode":4,"curveTo":"{0.70048701928681523, 0.46527777777777668}","hasCurveFrom":true,"hasCurveTo":false,"point":"{0.70048701928681523, 0.46527777777777668}"},{"_class":"curvePoint","cornerRadius":0,"curveFrom":"{0.97400086930699747, 0.5881946597222214}","curveMode":2,"curveTo":"{0.87000278657155006, 0.5020831180555545}","hasCurveFrom":true,"hasCurveTo":true,"point":"{0.92200182793927377, 0.54513888888888795}"},{"_class":"curvePoint","cornerRadius":0,"curveFrom":"{1, 0.75370394444444333}","curveMode":3,"curveTo":"{1, 0.6416663472222216}","hasCurveFrom":true,"hasCurveTo":true,"point":"{1, 0.7055555555555546}"},{"_class":"curvePoint","cornerRadius":0,"curveFrom":"{0.93240144901720523, 0.86921314583333287}","curveMode":2,"curveTo":"{0.98648045203963752, 0.79606463194444399}","hasCurveFrom":true,"hasCurveTo":true,"point":"{0.95944095052842138, 0.83263888888888782}"},{"_class":"curvePoint","cornerRadius":0,"curveFrom":"{0.80448435323980982, 0.95000012499999975}","curveMode":2,"curveTo":"{0.89600266604700352, 0.89999987499999945}","hasCurveFrom":true,"hasCurveTo":true,"point":"{0.85024350964340578, 0.9249999999999996}"},{"_class":"curvePoint","cornerRadius":0,"curveFrom":"{0.62907505447392109, 0.99375006249999998}","curveMode":2,"curveTo":"{0.75109947155017931, 0.96874993749999982}","hasCurveFrom":true,"hasCurveTo":true,"point":"{0.69008726301205026, 0.98124999999999929}"},{"_class":"curvePoint","cornerRadius":0,"curveFrom":"{0.42385312798688268, 1}","curveMode":2,"curveTo":"{0.56529052050709139, 1}","hasCurveFrom":true,"hasCurveTo":true,"point":"{0.49873174755640526, 1}"},{"_class":"curvePoint","cornerRadius":0,"curveFrom":"{0.22868442749577697, 0.96296288888888804}","curveMode":2,"curveTo":"{0.3548687678814525, 0.99259266666666623}","hasCurveFrom":true,"hasCurveTo":true,"point":"{0.29177659768861475, 0.97777777777777775}"},{"_class":"curvePoint","cornerRadius":0,"curveFrom":"{0.084474563950278872, 0.88611097222222202}","curveMode":2,"curveTo":"{0.17460623565433281, 0.94166680555555493}","hasCurveFrom":true,"hasCurveTo":true,"point":"{0.12954039980230583, 0.91388888888888853}"},{"_class":"curvePoint","cornerRadius":0,"curveFrom":"{0.004743210107827172, 0.77037016666666636}","curveMode":2,"curveTo":"{0.050502366511423077, 0.85185205555555532}","hasCurveFrom":true,"hasCurveTo":true,"point":"{0.027622788309626049, 0.81111111111111089}"},{"_class":"curvePoint","cornerRadius":0,"curveFrom":"{0.0016233976227172989, 0.67083333333333306}","curveMode":4,"curveTo":"{-0.0039231667898397245, 0.72361137499999972}","hasCurveFrom":false,"hasCurveTo":true,"point":"{0.0016233976227172989, 0.67083333333333306}"}]}],"windingRule":0}]}],"backgroundColor":{"_class":"color","alpha":1,"blue":0.5609714673913043,"green":0.5609714673913043,"red":0.5609714673913043},"hasBackgroundColor":true,"horizontalRulerData":{"_class":"rulerData","base":0,"guides":[]},"includeBackgroundColorInExport":false,"includeInCloudUpload":true,"isFlowHome":false,"resizesContent":false,"verticalRulerData":{"_class":"rulerData","base":0,"guides":[]}}],"horizontalRulerData":{"_class":"rulerData","base":0,"guides":[]},"includeInCloudUpload":true,"verticalRulerData":{"_class":"rulerData","base":0,"guides":[]}}